Index,Predicted Labels
1380,SEKER
10194,DERMASON
12974,DERMASON
12992,DERMASON
6476,HOROZ
12625,DERMASON
8945,SIRA
2018,BARBUNYA
8446,SIRA
10233,DERMASON
12959,DERMASON
450,SEKER
7959,SIRA
13285,DERMASON
5220,CALI
13401,DERMASON
4160,CALI
3316,BARBUNYA
11182,DERMASON
4157,CALI
5917,HOROZ
2367,BARBUNYA
1452,SEKER
9660,SIRA
3355,BOMBAY
10369,DERMASON
10958,DERMASON
5257,CALI
1994,SEKER
6281,HOROZ
2417,BARBUNYA
9004,SIRA
10415,DERMASON
11122,DERMASON
2200,BARBUNYA
3412,BOMBAY
3807,BOMBAY
290,SEKER
7376,HOROZ
9709,SIRA
5128,CALI
3291,BARBUNYA
7693,SIRA
2044,SEKER
9002,SIRA
1073,SEKER
3166,CALI
9645,SIRA
10702,DERMASON
12843,DERMASON
3711,BOMBAY
12653,DERMASON
8257,SIRA
9903,SIRA
9457,SIRA
10288,DERMASON
10384,DERMASON
5633,HOROZ
6707,HOROZ
3435,BOMBAY
3245,BARBUNYA
8590,SIRA
3644,BOMBAY
1334,SEKER
5945,HOROZ
9982,SIRA
588,SEKER
10149,DERMASON
2504,BARBUNYA
3224,BARBUNYA
724,SEKER
10938,DERMASON
7084,BARBUNYA
1656,SEKER
8800,SIRA
2467,BARBUNYA
6090,HOROZ
546,SEKER
9095,SIRA
11177,DERMASON
4543,CALI
2660,BARBUNYA
7125,HOROZ
4918,CALI
2742,BARBUNYA
13120,DERMASON
3262,BARBUNYA
843,SEKER
194,SEKER
9175,SIRA
1688,SEKER
7788,SIRA
1981,SEKER
4961,CALI
3483,BOMBAY
4461,CALI
9117,SIRA
1992,SEKER
2705,BARBUNYA
8581,SIRA
8428,SIRA
8787,SIRA
2648,BARBUNYA
8659,SIRA
7926,SIRA
12898,DERMASON
1724,SEKER
4881,CALI
11664,DERMASON
4856,CALI
9824,SIRA
12918,DERMASON
4289,CALI
1347,SEKER
1225,SEKER
5252,CALI
3409,BOMBAY
11942,DERMASON
7802,DERMASON
1078,SEKER
6755,HOROZ
1968,SEKER
5890,HOROZ
4067,CALI
2552,BARBUNYA
6691,HOROZ
6837,SIRA
5476,CALI
11793,DERMASON
11360,DERMASON
12098,DERMASON
5688,HOROZ
1478,SEKER
10969,DERMASON
12358,DERMASON
10863,DERMASON
6001,HOROZ
4897,CALI
3705,BOMBAY
2500,BARBUNYA
13427,SIRA
4253,CALI
1252,SEKER
11481,DERMASON
910,SEKER
8140,SIRA
8289,SIRA
8921,SIRA
1340,SEKER
10762,DERMASON
1084,SEKER
7998,SIRA
2333,BARBUNYA
7856,SIRA
5272,CALI
6621,HOROZ
6960,HOROZ
5537,HOROZ
3339,BARBUNYA
12294,DERMASON
13298,SEKER
11372,DERMASON
11821,DERMASON
6557,HOROZ
10034,SIRA
5104,CALI
8528,SIRA
6209,HOROZ
8569,SIRA
1432,SEKER
13523,SIRA
3251,BARBUNYA
10985,DERMASON
178,SEKER
2802,BARBUNYA
5995,HOROZ
1264,SEKER
5695,HOROZ
3793,BOMBAY
5480,CALI
3913,CALI
3786,BOMBAY
9662,SIRA
12719,DERMASON
48,SEKER
13224,DERMASON
8118,SIRA
4945,CALI
13133,DERMASON
12492,DERMASON
10111,DERMASON
10516,DERMASON
8261,SIRA
2283,BARBUNYA
8781,SIRA
9598,SIRA
6145,HOROZ
11510,DERMASON
6282,HOROZ
1780,SIRA
12461,DERMASON
7673,SIRA
3174,BARBUNYA
589,SEKER
11696,DERMASON
9951,SIRA
7678,SIRA
1033,SEKER
10780,DERMASON
5399,CALI
6961,HOROZ
10645,DERMASON
1862,SEKER
5783,HOROZ
3709,BOMBAY
8896,SIRA
8326,SIRA
4356,CALI
9548,SIRA
9590,SIRA
8228,SIRA
12248,DERMASON
10717,DERMASON
12162,DERMASON
7150,HOROZ
2817,BARBUNYA
6725,HOROZ
6704,HOROZ
329,SEKER
7812,DERMASON
8966,SIRA
8594,SIRA
10595,DERMASON
8455,SIRA
4048,CALI
3953,CALI
7706,SIRA
8863,SIRA
9990,HOROZ
8584,SIRA
520,SEKER
3527,BOMBAY
5742,HOROZ
4609,CALI
10554,DERMASON
6192,HOROZ
3062,BARBUNYA
4472,CALI
11099,DERMASON
5518,DERMASON
2638,BARBUNYA
2398,BARBUNYA
1997,SEKER
7148,HOROZ
8748,SIRA
10497,DERMASON
435,SEKER
11268,DERMASON
8553,SIRA
6765,HOROZ
1954,SEKER
370,SEKER
9502,SIRA
8705,SIRA
9864,SIRA
4847,CALI
9880,SIRA
10377,DERMASON
12163,DERMASON
6474,HOROZ
10079,DERMASON
853,DERMASON
4988,CALI
6173,HOROZ
8200,SIRA
9974,SIRA
8815,SIRA
12739,DERMASON
6055,HOROZ
3386,BOMBAY
8336,SIRA
5,SEKER
1626,SEKER
11675,DERMASON
10943,DERMASON
6396,HOROZ
3955,CALI
13031,DERMASON
12158,DERMASON
545,SEKER
13214,DERMASON
8749,SIRA
2104,BARBUNYA
9953,SIRA
13003,DERMASON
12215,DERMASON
7857,SIRA
4920,CALI
12443,DERMASON
5773,HOROZ
11058,DERMASON
8278,SIRA
7269,HOROZ
8895,SIRA
9955,SIRA
1372,SEKER
13296,DERMASON
3414,BOMBAY
12264,DERMASON
10828,DERMASON
9629,HOROZ
377,SEKER
9639,SIRA
1098,SEKER
8349,SIRA
7795,DERMASON
5432,CALI
9212,SIRA
2115,BARBUNYA
321,SEKER
13032,SIRA
1790,SEKER
8820,SIRA
10065,DERMASON
7041,HOROZ
1189,SEKER
6630,HOROZ
5651,HOROZ
6290,HOROZ
7393,HOROZ
10016,HOROZ
4872,CALI
11379,DERMASON
709,SEKER
13167,DERMASON
472,SEKER
958,SEKER
4271,CALI
12774,DERMASON
1738,SIRA
6466,HOROZ
1742,SEKER
9516,HOROZ
977,SEKER
1335,SEKER
10642,DERMASON
6895,HOROZ
10333,DERMASON
12175,DERMASON
10602,DERMASON
2657,BARBUNYA
893,SEKER
9884,SIRA
11068,DERMASON
872,SEKER
5287,CALI
903,SEKER
11237,DERMASON
648,SEKER
7956,SIRA
10084,DERMASON
1131,SEKER
11726,DERMASON
11595,DERMASON
8974,SIRA
10688,DERMASON
11797,DERMASON
663,SEKER
2382,BARBUNYA
12406,DERMASON
2188,BARBUNYA
874,SEKER
4976,CALI
10388,DERMASON
11894,DERMASON
6711,HOROZ
12543,DERMASON
9817,SIRA
8461,SIRA
5227,CALI
11655,DERMASON
13267,DERMASON
6328,HOROZ
8111,SIRA
4288,CALI
5470,CALI
9081,SIRA
8567,SIRA
5930,SIRA
10856,DERMASON
8582,SIRA
7845,SIRA
9762,SIRA
9875,SIRA
4645,CALI
12908,DERMASON
10647,DERMASON
3692,BOMBAY
8903,SIRA
1433,SEKER
7003,HOROZ
8589,SIRA
3854,BOMBAY
1694,SEKER
93,SEKER
3423,BOMBAY
2277,BARBUNYA
11395,DERMASON
6020,HOROZ
11083,DERMASON
10286,DERMASON
10452,DERMASON
4251,CALI
2813,CALI
5489,CALI
13334,SIRA
8638,SIRA
8360,SIRA
4954,CALI
9604,SIRA
5249,CALI
13118,SIRA
1222,SEKER
7442,DERMASON
6418,SIRA
2524,BARBUNYA
3330,BARBUNYA
10795,DERMASON
11632,DERMASON
13202,DERMASON
5622,HOROZ
1646,SEKER
9527,SIRA
9068,SIRA
10167,DERMASON
3966,CALI
13060,DERMASON
18,SEKER
2391,BARBUNYA
7984,SIRA
4090,CALI
8689,SIRA
8103,SIRA
11236,DERMASON
1069,SEKER
244,SEKER
8293,SIRA
11567,DERMASON
6967,HOROZ
8789,SIRA
12066,DERMASON
12862,DERMASON
8343,SIRA
2621,BARBUNYA
6177,HOROZ
1909,SEKER
7397,HOROZ
9265,SIRA
12140,DERMASON
1447,SEKER
4861,CALI
5869,HOROZ
8777,SIRA
139,SEKER
4917,CALI
13430,DERMASON
10667,DERMASON
2256,BARBUNYA
9031,SIRA
7455,DERMASON
13509,SEKER
10411,DERMASON
3237,BARBUNYA
4990,CALI
9523,SIRA
4811,CALI
591,SEKER
2560,BARBUNYA
11193,DERMASON
3610,BOMBAY
3984,CALI
394,SEKER
566,SEKER
13432,DERMASON
7063,HOROZ
5444,CALI
4457,CALI
6089,HOROZ
13276,DERMASON
6193,HOROZ
510,SEKER
7048,HOROZ
6942,HOROZ
10256,DERMASON
551,SEKER
6350,HOROZ
12272,DERMASON
2790,CALI
324,SEKER
2786,BARBUNYA
1395,SEKER
5804,HOROZ
12311,DERMASON
9886,SIRA
10899,DERMASON
10959,DERMASON
7587,DERMASON
7877,SIRA
8148,SIRA
11400,DERMASON
12441,DERMASON
5429,CALI
7183,HOROZ
4211,CALI
11673,DERMASON
6904,HOROZ
3052,BARBUNYA
647,SEKER
12545,DERMASON
10454,DERMASON
3120,BARBUNYA
8085,SIRA
10143,DERMASON
11136,DERMASON
9160,SIRA
5469,CALI
2992,BARBUNYA
7236,HOROZ
13351,SIRA
2771,BARBUNYA
2021,BARBUNYA
5100,CALI
12807,DERMASON
6834,HOROZ
5107,CALI
7465,DERMASON
630,DERMASON
2088,BARBUNYA
11855,DERMASON
7879,SIRA
3047,BARBUNYA
2513,BARBUNYA
3234,BARBUNYA
7743,DERMASON
4191,CALI
4842,CALI
6506,HOROZ
2877,BARBUNYA
202,SEKER
2140,BARBUNYA
3322,BARBUNYA
5830,HOROZ
232,SEKER
11824,DERMASON
6612,HOROZ
11943,DERMASON
13295,DERMASON
3004,BARBUNYA
6064,HOROZ
13392,DERMASON
3968,CALI
6925,HOROZ
6714,HOROZ
2369,BARBUNYA
9600,SIRA
12440,DERMASON
3274,BARBUNYA
11502,DERMASON
12324,DERMASON
11620,DERMASON
1633,SEKER
11157,DERMASON
3626,BOMBAY
501,SEKER
5423,CALI
8372,SIRA
4748,CALI
12931,DERMASON
5019,CALI
11691,DERMASON
3370,BOMBAY
1869,SEKER
6723,HOROZ
6170,HOROZ
2074,SIRA
11116,DERMASON
5243,CALI
3697,BOMBAY
3961,CALI
13467,DERMASON
5237,CALI
13341,DERMASON
382,SEKER
807,SEKER
9510,SIRA
10272,DERMASON
6754,HOROZ
1755,SEKER
59,SEKER
5643,HOROZ
2190,BARBUNYA
3661,BOMBAY
12588,DERMASON
13200,SIRA
8347,SIRA
9948,SIRA
8812,SIRA
4870,CALI
7804,SIRA
6815,HOROZ
11811,DERMASON
4642,CALI
6079,HOROZ
2020,SEKER
11844,DERMASON
12259,DERMASON
6029,HOROZ
11201,DERMASON
11702,DERMASON
3666,BOMBAY
5040,CALI
9022,SIRA
9315,SIRA
1484,SEKER
8371,SIRA
929,SEKER
3696,BOMBAY
2766,BARBUNYA
12815,DERMASON
47,SEKER
2428,BARBUNYA
9330,SIRA
6747,HOROZ
7025,HOROZ
9040,SIRA
11833,DERMASON
1209,SEKER
7730,DERMASON
4213,CALI
1899,SEKER
6710,HOROZ
8770,SIRA
207,SEKER
4372,CALI
4468,CALI
9712,SIRA
3359,BOMBAY
8645,SIRA
3978,CALI
6462,HOROZ
12830,DERMASON
5214,CALI
10949,DERMASON
12413,DERMASON
12271,DERMASON
965,SEKER
5858,HOROZ
3178,BARBUNYA
8263,SIRA
5317,CALI
10514,DERMASON
8857,SIRA
10266,DERMASON
3128,BARBUNYA
3468,BOMBAY
4449,CALI
12185,DERMASON
1319,SEKER
302,SEKER
933,SEKER
4407,CALI
6712,HOROZ
7170,HOROZ
3529,BOMBAY
13193,DERMASON
5866,HOROZ
11408,DERMASON
3394,BOMBAY
5493,CALI
535,DERMASON
5761,HOROZ
4729,CALI
10037,SEKER
432,DERMASON
5467,CALI
11362,DERMASON
2583,BARBUNYA
1747,SEKER
12165,DERMASON
9842,SIRA
5308,CALI
9085,SIRA
6071,HOROZ
1445,SEKER
11488,DERMASON
12910,DERMASON
1155,SEKER
6346,HOROZ
11144,DERMASON
11528,DERMASON
12502,DERMASON
4195,CALI
11874,DERMASON
3499,BOMBAY
5145,CALI
13512,DERMASON
3990,BARBUNYA
10148,DERMASON
669,SEKER
5425,CALI
3346,BARBUNYA
6481,HOROZ
6359,HOROZ
4978,CALI
8058,SIRA
8568,SIRA
12012,DERMASON
3857,BOMBAY
2904,CALI
1381,SEKER
332,SEKER
10953,DERMASON
9608,SIRA
10099,DERMASON
10615,DERMASON
7351,HOROZ
6947,BARBUNYA
8658,SIRA
11364,DERMASON
11752,DERMASON
2681,BARBUNYA
5248,CALI
10358,DERMASON
7847,SIRA
9082,SIRA
7334,BARBUNYA
11819,DERMASON
4292,CALI
1004,SEKER
5933,HOROZ
3999,BARBUNYA
867,SEKER
11820,DERMASON
12283,DERMASON
3690,BOMBAY
2914,BARBUNYA
5464,CALI
7296,HOROZ
4720,CALI
1010,SEKER
3781,BOMBAY
10712,DERMASON
13443,DERMASON
2451,BARBUNYA
710,SEKER
12907,DERMASON
1441,SEKER
7321,HOROZ
13068,DERMASON
5018,CALI
3083,BARBUNYA
8452,SIRA
12688,DERMASON
3704,BOMBAY
4150,CALI
9331,SIRA
7610,DERMASON
10715,DERMASON
4725,CALI
6077,HOROZ
804,SEKER
9830,HOROZ
2365,CALI
1702,SEKER
12831,DERMASON
9026,SIRA
6599,HOROZ
12559,DERMASON
7813,DERMASON
599,SEKER
8487,SIRA
2154,BARBUNYA
1220,SEKER
10020,SIRA
9228,SIRA
5027,CALI
11261,DERMASON
2411,BARBUNYA
12350,DERMASON
839,DERMASON
7825,SIRA
1736,SEKER
6199,HOROZ
8996,SIRA
1520,SEKER
9151,SIRA
6271,HOROZ
11312,DERMASON
6594,HOROZ
1837,SEKER
2730,BARBUNYA
12225,DERMASON
1265,SEKER
13256,DERMASON
11776,DERMASON
10765,DERMASON
5889,HOROZ
3441,BOMBAY
7762,SIRA
5834,HOROZ
9779,SIRA
13382,DERMASON
5089,CALI
11724,DERMASON
5061,CALI
13191,DERMASON
10735,DERMASON
8786,SIRA
7992,SIRA
4235,CALI
1919,SIRA
13374,DERMASON
12641,DERMASON
11129,DERMASON
6302,HOROZ
6333,HOROZ
5045,CALI
13021,DERMASON
10997,DERMASON
1637,SEKER
13184,DERMASON
8176,SIRA
3749,BOMBAY
9726,SIRA
12587,DERMASON
601,SEKER
5595,HOROZ
38,DERMASON
10386,DERMASON
11212,DERMASON
8137,SIRA
11918,DERMASON
10022,SIRA
13291,DERMASON
9888,SIRA
4104,CALI
3492,BOMBAY
4964,CALI
2109,HOROZ
11456,DERMASON
1621,SEKER
11461,DERMASON
8813,SIRA
4236,CALI
5927,HOROZ
9498,SIRA
9924,SIRA
5135,CALI
1562,SEKER
9785,SIRA
5604,SIRA
12333,DERMASON
7824,SIRA
3150,CALI
13532,SIRA
5736,HOROZ
4341,CALI
11535,DERMASON
3838,BOMBAY
1115,SEKER
5635,HOROZ
5350,CALI
8816,SIRA
6044,HOROZ
7863,SIRA
4283,CALI
12801,DERMASON
11111,DERMASON
9489,SIRA
2017,SIRA
12804,DERMASON
4771,CALI
12916,DERMASON
4249,CALI
13283,DERMASON
4914,CALI
11592,DERMASON
8635,SIRA
10877,DERMASON
4636,CALI
8274,SIRA
4088,CALI
1359,SEKER
12922,DERMASON
11736,DERMASON
11276,DERMASON
213,DERMASON
11659,DERMASON
8197,SIRA
1501,SEKER
4302,CALI
11533,DERMASON
12715,DERMASON
2957,BARBUNYA
7675,SIRA
8329,SIRA
11991,DERMASON
3204,BARBUNYA
7103,HOROZ
5697,HOROZ
7677,DERMASON
11547,DERMASON
6761,HOROZ
1567,SEKER
12205,DERMASON
8780,SIRA
6640,HOROZ
4207,CALI
1311,SEKER
466,SEKER
7632,DERMASON
8600,SIRA
5799,HOROZ
12518,DERMASON
5302,CALI
12076,DERMASON
440,SEKER
9316,SIRA
8722,SIRA
7924,SIRA
1415,SEKER
9397,SIRA
3046,BARBUNYA
7040,HOROZ
10916,DERMASON
401,DERMASON
12902,DERMASON
7908,SIRA
10766,DERMASON
5072,CALI
1444,SEKER
10591,DERMASON
5077,CALI
9197,SIRA
2032,SIRA
2710,CALI
12994,DERMASON
1550,SEKER
8546,SIRA
10597,DERMASON
7499,DERMASON
7141,HOROZ
10811,DERMASON
6184,HOROZ
1540,SEKER
11433,DERMASON
1525,SEKER
12971,DERMASON
3755,BOMBAY
5435,CALI
7858,SIRA
12404,DERMASON
6244,HOROZ
8219,SIRA
4833,CALI
6823,HOROZ
9686,SIRA
4161,CALI
4652,CALI
4430,CALI
1250,SEKER
9096,SIRA
12218,DERMASON
6849,HOROZ
7156,HOROZ
10001,SIRA
6041,HOROZ
349,SEKER
4865,CALI
405,SEKER
10686,DERMASON
12574,DERMASON
5594,HOROZ
12524,DERMASON
2067,SIRA
2476,BARBUNYA
8962,SIRA
3562,BOMBAY
1576,SEKER
12983,DERMASON
2181,BARBUNYA
5488,CALI
10203,DERMASON
8344,SIRA
1728,SEKER
7247,HOROZ
742,SEKER
4429,CALI
11750,DERMASON
9663,SIRA
1703,SEKER
5871,HOROZ
2323,BARBUNYA
1254,SEKER
462,SEKER
2928,BARBUNYA
8872,SIRA
2979,BARBUNYA
7145,HOROZ
54,SEKER
7658,SIRA
2444,BARBUNYA
11235,DERMASON
4743,CALI
11747,DERMASON
4910,CALI
7454,DERMASON
12320,DERMASON
658,SEKER
11923,DERMASON
4796,CALI
7054,HOROZ
915,SEKER
3741,BOMBAY
2980,BARBUNYA
5357,CALI
2386,BARBUNYA
10608,DERMASON
403,SEKER
1493,SEKER
9350,SIRA
670,SEKER
11290,DERMASON
3934,CALI
8776,SIRA
8306,SIRA
10840,DERMASON
3777,BOMBAY
5620,HOROZ
6258,HOROZ
9144,SIRA
5039,CALI
8423,SIRA
7740,SIRA
1191,SEKER
11749,DERMASON
9503,SIRA
6106,SIRA
6266,HOROZ
7175,HOROZ
5188,CALI
5817,HOROZ
491,SEKER
6590,HOROZ
8664,SIRA
3144,BARBUNYA
8576,SIRA
10242,DERMASON
10584,DERMASON
303,SEKER
12942,DERMASON
1059,SEKER
132,SEKER
3117,BARBUNYA
12368,DERMASON
12341,DERMASON
9021,SIRA
8416,SIRA
3921,HOROZ
6139,HOROZ
6649,HOROZ
1138,SEKER
7871,SIRA
4199,BARBUNYA
9104,SIRA
1655,SEKER
9543,SIRA
6805,HOROZ
1528,SEKER
9237,SIRA
137,SEKER
12412,DERMASON
10428,DERMASON
9562,SIRA
10115,DERMASON
1169,SEKER
3132,BARBUNYA
5833,HOROZ
6008,HOROZ
12568,DERMASON
13499,SIRA
3715,BOMBAY
4552,CALI
9703,SIRA
11676,DERMASON
10195,DERMASON
11215,DERMASON
6863,HOROZ
6367,HOROZ
567,SEKER
8239,SIRA
2151,BARBUNYA
12956,DERMASON
8181,SIRA
6386,HOROZ
11285,DERMASON
8377,SIRA
2494,BARBUNYA
990,SEKER
1612,SEKER
9408,SIRA
984,SEKER
6913,HOROZ
6970,HOROZ
11602,DERMASON
7459,DERMASON
12146,DERMASON
3729,BOMBAY
1366,SEKER
7309,HOROZ
372,SEKER
1687,SEKER
6410,HOROZ
5050,CALI
5457,CALI
8924,SIRA
89,SEKER
2381,BARBUNYA
11519,DERMASON
3630,BOMBAY
10289,DERMASON
11704,DERMASON
9789,SIRA
1504,SEKER
6198,HOROZ
9364,SIRA
3998,CALI
11803,DERMASON
8313,SIRA
7562,DERMASON
1775,SEKER
3930,HOROZ
8154,DERMASON
6283,HOROZ
2679,BARBUNYA
11029,DERMASON
5067,CALI
3616,BOMBAY
10437,DERMASON
4678,CALI
1210,SEKER
9931,SIRA
4581,CALI
13585,SIRA
913,SEKER
11795,DERMASON
5269,CALI
6096,HOROZ
2899,BARBUNYA
6357,HOROZ
489,SEKER
6546,HOROZ
4405,CALI
13215,SIRA
6150,HOROZ
10930,DERMASON
4843,CALI
4169,CALI
391,SEKER
7395,HOROZ
12474,DERMASON
7622,SIRA
9638,SIRA
1510,SEKER
625,SEKER
218,SEKER
5440,CALI
7781,SIRA
3939,CALI
13290,SIRA
4403,CALI
11131,DERMASON
10356,DERMASON
4428,CALI
2591,CALI
6105,HOROZ
10255,DERMASON
1317,SEKER
7077,HOROZ
795,SEKER
7364,HOROZ
5608,HOROZ
9213,SIRA
950,SEKER
12421,DERMASON
8866,SIRA
1705,SEKER
2002,SEKER
12099,DERMASON
2882,BARBUNYA
11373,DERMASON
9723,SIRA
10420,DERMASON
2520,BARBUNYA
5327,CALI
9506,SIRA
11600,DERMASON
3372,BOMBAY
4245,HOROZ
10293,DERMASON
10196,DERMASON
508,SEKER
11064,DERMASON
12844,DERMASON
12280,DERMASON
3558,BOMBAY
6287,HOROZ
12686,DERMASON
6570,HOROZ
6325,HOROZ
9966,SIRA
6084,HOROZ
2617,BARBUNYA
7618,SIRA
4840,CALI
7763,DERMASON
13600,SIRA
7748,DERMASON
3769,BOMBAY
5241,CALI
4012,CALI
970,SEKER
2543,BARBUNYA
5483,CALI
5370,CALI
7893,SIRA
3843,BOMBAY
9474,SIRA
2825,BARBUNYA
6667,HOROZ
1316,SEKER
11838,DERMASON
3510,BOMBAY
11119,DERMASON
11346,DERMASON
4618,CALI
2108,SIRA
4700,CALI
10322,DERMASON
2597,BARBUNYA
11765,DERMASON
2550,BARBUNYA
12700,DERMASON
9552,SIRA
10476,DERMASON
1916,SEKER
4655,CALI
13568,SIRA
3917,HOROZ
4759,CALI
7695,DERMASON
7434,DERMASON
3852,BOMBAY
7670,SIRA
4343,CALI
5970,HOROZ
3922,BARBUNYA
5207,CALI
2084,BARBUNYA
10259,DERMASON
1352,SEKER
4659,CALI
7047,HOROZ
10869,DERMASON
11375,DERMASON
262,SEKER
10274,DERMASON
10700,DERMASON
1789,SEKER
7333,HOROZ
297,SEKER
9518,SIRA
13094,DERMASON
3500,BOMBAY
8987,SIRA
12345,DERMASON
6695,HOROZ
6285,HOROZ
13448,SIRA
11036,DERMASON
1723,SEKER
12016,DERMASON
10101,DERMASON
8704,SIRA
13438,DERMASON
8907,SIRA
1530,SEKER
831,SEKER
12839,DERMASON
13000,DERMASON
1367,SEKER
4588,CALI
1253,SEKER
8321,SIRA
8840,SIRA
5434,CALI
2374,BARBUNYA
983,SEKER
3285,BARBUNYA
6703,HOROZ
9055,SIRA
2750,BARBUNYA
2472,BARBUNYA
13209,DERMASON
13522,SIRA
6867,HOROZ
13113,DERMASON
13339,DERMASON
1618,SEKER
980,SEKER
8485,SIRA
13085,DERMASON
5974,HOROZ
2158,BARBUNYA
3779,BOMBAY
286,SEKER
11836,DERMASON
8071,SIRA
7277,HOROZ
5400,CALI
8700,SIRA
4724,CALI
8557,SIRA
10929,DERMASON
12159,DERMASON
11139,DERMASON
3869,BOMBAY
1277,SEKER
4761,CALI
2023,BARBUNYA
2423,BARBUNYA
7700,SIRA
3210,BARBUNYA
12193,DERMASON
7300,HOROZ
7584,SIRA
2123,BARBUNYA
3466,BOMBAY
574,SEKER
259,SEKER
3988,CALI
7313,HOROZ
682,SEKER
9149,SIRA
1266,DERMASON
10581,DERMASON
6115,HOROZ
10679,DERMASON
2700,BARBUNYA
8791,SIRA
13381,DERMASON
5046,CALI
11916,DERMASON
6578,HOROZ
375,SEKER
1808,SEKER
9472,SIRA
2895,BARBUNYA
3740,BOMBAY
13172,SIRA
10558,DERMASON
4938,CALI
2375,BARBUNYA
3973,BARBUNYA
4549,CALI
6535,HOROZ
7780,SIRA
10744,DERMASON
13579,SIRA
4062,CALI
138,SEKER
8319,SIRA
10234,DERMASON
4656,CALI
13400,DERMASON
4092,CALI
11766,DERMASON
1866,SIRA
11708,DERMASON
7732,DERMASON
6513,HOROZ
374,SEKER
11381,DERMASON
13598,SIRA
373,DERMASON
5846,HOROZ
10850,DERMASON
7359,CALI
1201,SEKER
6932,HOROZ
8242,SIRA
11484,DERMASON
10268,DERMASON
10135,DERMASON
12924,DERMASON
2625,BARBUNYA
9178,SIRA
9935,SIRA
6111,HOROZ
4781,CALI
13468,DERMASON
11710,DERMASON
6250,HOROZ
5811,HOROZ
10258,DERMASON
1663,SEKER
11128,DERMASON
7964,SIRA
7266,CALI
3498,BOMBAY
1864,SEKER
1746,SEKER
9199,SIRA
1141,SEKER
376,SEKER
7189,HOROZ
7696,SEKER
10170,DERMASON
322,SEKER
2247,BARBUNYA
8571,SIRA
5376,CALI
7006,HOROZ
10006,HOROZ
7259,HOROZ
11094,DERMASON
4983,CALI
11899,DERMASON
8436,SIRA
11826,DERMASON
3971,CALI
9071,SIRA
4000,CALI
4508,CALI
7437,DERMASON
10809,DERMASON
5849,HOROZ
1135,SEKER
11677,DERMASON
7484,DERMASON
6320,HOROZ
9296,SIRA
2527,BARBUNYA
1161,SEKER
10818,DERMASON
4923,CALI
2457,BARBUNYA
5829,HOROZ
12628,DERMASON
13313,DERMASON
11358,DERMASON
3734,BOMBAY
6385,HOROZ
78,SEKER
1933,SEKER
7262,HOROZ
13086,DERMASON
8643,SIRA
12792,DERMASON
12194,DERMASON
8448,SIRA
4772,CALI
5630,HOROZ
8625,SIRA
12177,DERMASON
11989,DERMASON
11827,DERMASON
1431,SEKER
11429,DERMASON
2034,BARBUNYA
8670,SIRA
4838,CALI
11108,DERMASON
1548,SEKER
2934,BARBUNYA
8033,SIRA
8286,SIRA
4594,CALI
10463,DERMASON
3255,BARBUNYA
10015,SIRA
3897,CALI
10867,DERMASON
8114,SIRA
12060,DERMASON
1429,DERMASON
8911,SIRA
11037,DERMASON
9384,SIRA
1715,SEKER
11341,DERMASON
5060,CALI
3345,BARBUNYA
4304,CALI
2704,BARBUNYA
4728,CALI
7065,HOROZ
1868,SEKER
8991,SIRA
1987,SEKER
8690,SIRA
9047,SIRA
5344,CALI
4294,CALI
13572,SEKER
5764,HOROZ
5878,HOROZ
8577,SIRA
3871,SIRA
4955,CALI
12118,DERMASON
11959,DERMASON
6342,HOROZ
1850,SEKER
9720,SIRA
5919,HOROZ
13132,SEKER
2308,CALI
5042,CALI
4252,CALI
3383,BOMBAY
8938,SIRA
9015,SIRA
8298,SIRA
272,SEKER
1679,SEKER
7669,DERMASON
793,SEKER
11354,DERMASON
3906,CALI
13533,DERMASON
3188,BARBUNYA
11973,DERMASON
10658,DERMASON
425,SEKER
3887,CALI
8788,SIRA
7030,HOROZ
7217,HOROZ
9912,SIRA
8511,SIRA
8369,SIRA
3080,BARBUNYA
1867,SEKER
4529,CALI
2306,CALI
6316,HOROZ
9765,SIRA
495,SEKER
7719,DERMASON
727,SEKER
4056,CALI
10120,DERMASON
11464,DERMASON
8124,SIRA
2105,BARBUNYA
13229,DERMASON
3044,BARBUNYA
1901,SEKER
4613,CALI
2571,BARBUNYA
1731,SEKER
7158,HOROZ
12109,DERMASON
9586,SIRA
1877,SEKER
2805,BARBUNYA
13240,DERMASON
3672,BOMBAY
10836,DERMASON
7638,SIRA
1077,SEKER
6,SEKER
4352,CALI
1922,SEKER
516,SEKER
10900,DERMASON
7098,HOROZ
2255,BARBUNYA
5935,HOROZ
2613,BARBUNYA
2352,BARBUNYA
8967,SIRA
4769,CALI
543,SEKER
11025,DERMASON
3640,BOMBAY
5123,CALI
12433,DERMASON
12854,DERMASON
3443,BOMBAY
13103,DERMASON
13380,DERMASON
8768,SIRA
8060,SIRA
4135,CALI
5106,CALI
11361,DERMASON
2969,CALI
12729,DERMASON
576,SEKER
10524,DERMASON
8345,SIRA
8008,SIRA
5291,CALI
7665,DERMASON
6107,HOROZ
9433,SIRA
8492,SIRA
11559,DERMASON
11199,DERMASON
2167,BARBUNYA
12794,DERMASON
2332,BARBUNYA
7507,SEKER
7253,HOROZ
7623,SIRA
6478,HOROZ
5022,CALI
2405,BARBUNYA
6820,HOROZ
932,SEKER
4734,CALI
9555,SIRA
1920,SEKER
646,SEKER
3410,BOMBAY
9349,SIRA
8152,SIRA
13538,SEKER
2186,CALI
11006,DERMASON
2344,CALI
3019,BARBUNYA
2844,BARBUNYA
6335,HOROZ
4331,CALI
2677,BARBUNYA
7714,DERMASON
9715,SIRA
13022,DERMASON
12640,DERMASON
2359,BARBUNYA
2661,BARBUNYA
12316,DERMASON
11693,DERMASON
8545,SIRA
779,SEKER
5822,HOROZ
12262,DERMASON
9480,SIRA
13281,SEKER
1797,SEKER
2751,CALI
4164,CALI
6639,HOROZ
691,SEKER
12343,DERMASON
5538,HOROZ
3292,CALI
9412,SIRA
6272,HOROZ
4592,CALI
6810,HOROZ
131,SEKER
1977,SEKER
13537,SIRA
4310,CALI
6024,HOROZ
9944,SIRA
2770,BARBUNYA
10192,DERMASON
10504,DERMASON
10116,DERMASON
1330,SEKER
12742,DERMASON
6559,HOROZ
10718,DERMASON
13279,DERMASON
11039,DERMASON
10139,DERMASON
11287,DERMASON
4981,CALI
11657,DERMASON
8798,SIRA
487,SEKER
8829,SIRA
8743,SIRA
4752,CALI
4261,CALI
6019,HOROZ
856,SEKER
438,SEKER
7207,HOROZ
7646,DERMASON
7206,HOROZ
8530,SIRA
11152,DERMASON
10537,DERMASON
10714,DERMASON
9749,SIRA
190,SEKER
5872,HOROZ
1302,SEKER
6141,HOROZ
2554,BARBUNYA
2239,BARBUNYA
13527,SIRA
6120,HOROZ
50,SEKER
10201,DERMASON
11298,DERMASON
10922,DERMASON
8184,SEKER
7683,SIRA
1175,SEKER
5232,CALI
5259,CALI
9509,SIRA
2290,BARBUNYA
8597,SIRA
210,DERMASON
10684,DERMASON
5138,CALI
8087,SIRA
2887,BARBUNYA
12022,DERMASON
773,SEKER
2558,BARBUNYA
1598,SEKER
13486,SIRA
428,SEKER
13309,SIRA
1964,SEKER
12847,DERMASON
9253,SIRA
12142,DERMASON
12714,DERMASON
13066,DERMASON
13477,SIRA
2110,BARBUNYA
10013,SIRA
3904,HOROZ
6355,HOROZ
1944,SEKER
10039,SIRA
5525,DERMASON
96,SEKER
2051,BARBUNYA
11597,DERMASON
2226,BARBUNYA
826,SEKER
9135,SIRA
9049,SIRA
1213,SEKER
4727,CALI
119,SEKER
10448,DERMASON
8203,SIRA
11804,DERMASON
6189,HOROZ
8604,SIRA
6745,HOROZ
11165,DERMASON
170,SEKER
3259,BARBUNYA
8647,SIRA
3196,BARBUNYA
5606,SIRA
11336,DERMASON
5519,DERMASON
10291,DERMASON
11759,DERMASON
7533,SIRA
8051,SIRA
10370,DERMASON
10964,DERMASON
11397,DERMASON
13545,SEKER
3392,BOMBAY
10886,DERMASON
2076,SIRA
10568,DERMASON
9339,SIRA
845,SEKER
2281,BARBUNYA
12773,DERMASON
12817,DERMASON
2912,BARBUNYA
3949,CALI
12920,DERMASON
2079,BARBUNYA
4380,CALI
12558,DERMASON
1659,SEKER
1972,SIRA
4241,CALI
971,SEKER
1005,SEKER
13496,SIRA
846,SEKER
12207,DERMASON
5973,HOROZ
966,SEKER
8460,SIRA
707,SEKER
10530,DERMASON
2982,BARBUNYA
9799,SIRA
4834,CALI
2592,BARBUNYA
8417,SIRA
11863,DERMASON
12494,DERMASON
2976,BARBUNYA
5034,CALI
6907,HOROZ
11451,DERMASON
12199,DERMASON
5049,CALI
221,SEKER
1511,SEKER
1748,SEKER
9403,SIRA
9425,SIRA
9376,SIRA
5664,SIRA
10360,DERMASON
11496,DERMASON
2156,BARBUNYA
10634,DERMASON
9648,SIRA
1461,SEKER
9583,SIRA
9557,SIRA
11367,DERMASON
12080,DERMASON
7232,HOROZ
2035,SIRA
6073,HOROZ
3126,BARBUNYA
7105,HOROZ
120,SEKER
4739,CALI
1532,SEKER
9821,SIRA
8887,SEKER
7967,SIRA
6507,HOROZ
10801,DERMASON
1427,SEKER
3932,CALI
4653,BARBUNYA
11558,DERMASON
8449,SIRA
79,SEKER
5573,SIRA
11223,DERMASON
4572,CALI
836,SEKER
10320,DERMASON
8408,SIRA
10485,DERMASON
11774,DERMASON
5219,CALI
8207,SIRA
319,SEKER
11853,DERMASON
11467,DERMASON
10038,SIRA
9310,SIRA
11929,DERMASON
2091,BARBUNYA
2272,BARBUNYA
9893,SIRA
13307,DERMASON
5719,HOROZ
9204,SIRA
3554,BOMBAY
4489,CALI
12079,DERMASON
7662,DERMASON
2124,SIRA
6662,HOROZ
5786,HOROZ
6963,HOROZ
5369,CALI
5526,HOROZ
1661,SEKER
3579,BOMBAY
5056,CALI
6682,HOROZ
10054,SIRA
9438,SIRA
3950,CALI
530,SEKER
700,SEKER
10802,DERMASON
12305,DERMASON
8443,SIRA
4105,CALI
12827,DERMASON
9710,SIRA
8623,SIRA
7314,HOROZ
8292,SIRA
7529,DERMASON
13180,DERMASON
9993,SIRA
1608,SEKER
4873,CALI
12684,DERMASON
9167,SIRA
4423,CALI
7331,CALI
9996,SIRA
3001,BARBUNYA
11072,DERMASON
10928,DERMASON
12490,DERMASON
3293,BARBUNYA
9759,SIRA
12309,DERMASON
3381,BOMBAY
8193,SIRA
878,SEKER
5534,HOROZ
189,SEKER
3946,HOROZ
4885,CALI
1757,SEKER
13127,DERMASON
5763,HOROZ
5354,CALI
7238,HOROZ
2696,BARBUNYA
12996,DERMASON
5063,CALI
586,SEKER
12349,DERMASON
8117,SIRA
3992,HOROZ
7416,HOROZ
8275,SIRA
1326,SEKER
1545,SEKER
2214,BARBUNYA
13099,DERMASON
1928,SEKER
3057,BARBUNYA
7177,HOROZ
10219,DERMASON
11302,DERMASON
8900,SIRA
10007,SIRA
6969,HOROZ
111,SEKER
1273,SEKER
9062,SIRA
8066,SIRA
5847,HOROZ
2933,BARBUNYA
3451,BOMBAY
11849,DERMASON
4030,CALI
2455,BARBUNYA
4184,CALI
7806,SIRA
10214,DERMASON
9876,SIRA
9869,SIRA
512,SEKER
11465,DERMASON
5513,HOROZ
2320,BARBUNYA
11045,DERMASON
12063,DERMASON
10355,DERMASON
728,SEKER
6935,HOROZ
421,SEKER
9606,SIRA
12721,SIRA
493,SEKER
9954,SIRA
11123,DERMASON
12450,DERMASON
430,DERMASON
1989,SEKER
6793,HOROZ
12233,DERMASON
3030,CALI
10383,DERMASON
1370,SEKER
4471,CALI
12449,DERMASON
2066,BARBUNYA
2161,SIRA
12802,DERMASON
6911,HOROZ
10341,DERMASON
835,SEKER
3356,BOMBAY
9515,SIRA
2738,BARBUNYA
13245,SIRA
289,SEKER
7290,HOROZ
9172,SIRA
6883,HOROZ
8579,SIRA
5413,CALI
3737,BOMBAY
7872,SIRA
482,SEKER
11614,DERMASON
12808,DERMASON
4123,CALI
4864,CALI
1836,SEKER
12152,DERMASON
6229,HOROZ
1094,SEKER
9900,SIRA
260,SEKER
2572,BARBUNYA
7667,DERMASON
3063,BARBUNYA
2373,BARBUNYA
10213,DERMASON
9833,SIRA
1052,SEKER
11812,DERMASON
3537,BOMBAY
9644,SIRA
5373,CALI
2652,BARBUNYA
7865,SIRA
341,SEKER
1726,SEKER
9688,SIRA
9984,SIRA
6449,HOROZ
12135,DERMASON
5048,CALI
9517,SIRA
6039,HOROZ
13412,DERMASON
1386,SEKER
10436,DERMASON
11368,DERMASON
1547,SEKER
4737,CALI
7921,SIRA
842,SEKER
11638,DERMASON
4555,CALI
1308,SEKER
10729,DERMASON
3301,BARBUNYA
6116,HOROZ
4060,CALI
12096,DERMASON
8708,SIRA
1733,SEKER
1437,SEKER
6605,HOROZ
477,SEKER
1940,SEKER
3252,BARBUNYA
13007,DERMASON
1350,SEKER
862,SEKER
242,SEKER
7091,HOROZ
357,SEKER
7446,DERMASON
3056,BARBUNYA
9790,SIRA
6547,HOROZ
5796,HOROZ
2343,BARBUNYA
12881,DERMASON
10122,DERMASON
13605,SIRA
13188,DERMASON
4039,CALI
11326,DERMASON
6263,HOROZ
6987,HOROZ
3911,HOROZ
1232,SEKER
8619,SIRA
11712,DERMASON
11255,DERMASON
7188,HOROZ
7572,DERMASON
13269,SIRA
5658,HOROZ
2246,BARBUNYA
12828,DERMASON
3072,BARBUNYA
3227,BARBUNYA
4841,CALI
10659,DERMASON
3896,BARBUNYA
4133,CALI
12299,DERMASON
9018,SIRA
13143,DERMASON
2111,BARBUNYA
10912,DERMASON
12535,DERMASON
1173,SEKER
524,SEKER
11809,DERMASON
12765,DERMASON
11446,DERMASON
2567,BARBUNYA
4680,CALI
13257,DERMASON
4314,CALI
8311,SIRA
770,SEKER
8246,SIRA
603,SEKER
5193,CALI
6798,HOROZ
522,SEKER
3254,BARBUNYA
6724,HOROZ
1300,SEKER
2293,BARBUNYA
1518,SEKER
2427,BARBUNYA
9461,SIRA
3405,BOMBAY
8323,SIRA
10571,DERMASON
864,SEKER
6865,HOROZ
1835,SEKER
5913,HOROZ
7973,SIRA
5956,HOROZ
8173,SIRA
6596,HOROZ
3772,BOMBAY
637,SEKER
2909,BARBUNYA
427,SEKER
13176,DERMASON
8480,SIRA
7710,DERMASON
10640,DERMASON
6157,HOROZ
6922,HOROZ
8730,SIRA
8753,SIRA
10951,DERMASON
5873,HOROZ
805,SEKER
2654,BARBUNYA
13569,DERMASON
4695,CALI
5674,HOROZ
6268,HOROZ
5909,HOROZ
12627,DERMASON
13391,DERMASON
10983,DERMASON
945,SEKER
10505,DERMASON
925,SEKER
3422,BOMBAY
9602,SIRA
11345,DERMASON
671,SEKER
12598,DERMASON
4502,CALI
8227,SIRA
9845,SIRA
11717,DERMASON
4701,CALI
11900,DERMASON
2013,SEKER
1581,SEKER
9691,SIRA
9781,SIRA
13414,DERMASON
5605,SIRA
8679,SIRA
8713,SIRA
2535,BARBUNYA
7617,DERMASON
11778,DERMASON
11805,DERMASON
4635,CALI
7911,SIRA
9970,SIRA
11606,DERMASON
9999,SIRA
12030,DERMASON
4098,CALI
369,SEKER
9219,SIRA
6921,HOROZ
605,SEKER
5274,CALI
6429,HOROZ
6672,HOROZ
8929,SIRA
3686,BOMBAY
10979,DERMASON
7052,HOROZ
10812,DERMASON
1872,SEKER
12727,DERMASON
2580,BARBUNYA
7613,DERMASON
27,SEKER
12405,DERMASON
11426,DERMASON
4226,CALI
13434,DERMASON
9146,SIRA
10280,DERMASON
7122,HOROZ
6579,HOROZ
11735,DERMASON
1594,SEKER
13218,DERMASON
6718,HOROZ
2267,BARBUNYA
2345,HOROZ
8760,SIRA
163,SEKER
8115,SIRA
3351,BOMBAY
8559,SIRA
11585,DERMASON
10621,DERMASON
6966,HOROZ
13268,DERMASON
10752,DERMASON
2695,BARBUNYA
5420,CALI
12759,DERMASON
1574,SEKER
277,SEKER
2089,BARBUNYA
9621,SIRA
1192,SEKER
13592,SEKER
6464,HOROZ
1859,SEKER
4293,CALI
13028,DERMASON
10407,DERMASON
9909,SIRA
8143,SIRA
7918,SIRA
9086,SIRA
12874,DERMASON
8997,SIRA
11056,DERMASON
8805,SIRA
632,DERMASON
10768,DERMASON
12619,DERMASON
2946,BARBUNYA
610,SEKER
4788,CALI
2265,BARBUNYA
8380,SIRA
6632,HOROZ
9179,SIRA
9455,SIRA
5899,HOROZ
4638,CALI
1519,SEKER
10295,DERMASON
8610,SIRA
1947,SEKER
3535,BOMBAY
7295,HOROZ
12538,DERMASON
8002,SIRA
3673,BOMBAY
11294,DERMASON
5218,CALI
12431,DERMASON
11124,DERMASON
6918,HOROZ
1741,SEKER
7466,DERMASON
13383,DERMASON
2762,BARBUNYA
6623,HOROZ
5355,CALI
5900,HOROZ
52,SEKER
11329,DERMASON
2822,CALI
1028,SEKER
12234,DERMASON
12548,DERMASON
2356,BARBUNYA
7283,HOROZ
3318,BARBUNYA
7374,BARBUNYA
10782,DERMASON
13019,DERMASON
11449,DERMASON
4810,CALI
9694,SIRA
13073,SIRA
10362,DERMASON
12089,DERMASON
2765,BARBUNYA
4476,CALI
3375,BOMBAY
1725,SEKER
9046,SIRA
9549,SIRA
4016,CALI
2942,BARBUNYA
2516,BARBUNYA
13563,SIRA
226,SEKER
3506,BOMBAY
11226,DERMASON
4142,BARBUNYA
3959,HOROZ
609,SEKER
4110,CALI
13116,SIRA
5522,HOROZ
5054,CALI
1841,SEKER
11898,DERMASON
509,SEKER
11903,DERMASON
1643,SEKER
592,SEKER
4036,CALI
9399,SIRA
3226,BARBUNYA
7916,SIRA
1205,SEKER
12809,DERMASON
4202,CALI
540,SEKER
2759,BARBUNYA
2884,BARBUNYA
13144,DERMASON
10587,DERMASON
13079,DERMASON
563,SEKER
10630,DERMASON
7128,HOROZ
116,SEKER
13106,DERMASON
5196,CALI
9949,SIRA
12322,DERMASON
11254,DERMASON
5812,HOROZ
13347,SIRA
4817,CALI
8379,SIRA
4007,CALI
476,SEKER
6421,HOROZ
11012,DERMASON
6558,HOROZ
6526,HOROZ
10153,DERMASON
5556,DERMASON
6529,HOROZ
2538,BARBUNYA
13462,DERMASON
1468,SEKER
6928,HOROZ
2510,BARBUNYA
346,SEKER
2534,BARBUNYA
12999,DERMASON
12256,DERMASON
12731,DERMASON
1187,SEKER
155,SEKER
6568,HOROZ
5411,CALI
4925,CALI
7945,SIRA
11992,DERMASON
604,SEKER
11468,DERMASON
9417,SIRA
688,SEKER
4433,CALI
10533,DERMASON
4447,CALI
8253,SIRA
7115,HOROZ
8196,SIRA
9801,SIRA
8889,SIRA
10017,SIRA
8177,HOROZ
13340,DERMASON
9511,SIRA
1857,SEKER
8016,SIRA
12217,DERMASON
7050,HOROZ
11197,DERMASON
10052,SIRA
256,SEKER
590,SEKER
4070,CALI
7557,DERMASON
10859,DERMASON
7496,DERMASON
1632,SEKER
7848,SIRA
8346,SIRA
4051,CALI
12505,SEKER
12764,DERMASON
8072,SIRA
3353,BOMBAY
3029,BARBUNYA
10241,DERMASON
6397,HOROZ
8128,SIRA
762,SEKER
3954,CALI
9415,SIRA
1027,SEKER
4222,CALI
10502,DERMASON
11028,DERMASON
12565,DERMASON
177,SEKER
12457,DERMASON
10915,DERMASON
8806,SIRA
6021,HOROZ
5996,HOROZ
11338,DERMASON
9097,SIRA
582,SEKER
9666,SIRA
12990,DERMASON
84,SEKER
791,SEKER
3659,BOMBAY
4254,BARBUNYA
3790,BOMBAY
11935,DERMASON
8614,SIRA
2826,BARBUNYA
12325,DERMASON
7718,SIRA
8285,SIRA
1883,SEKER
6976,HOROZ
7012,HOROZ
2347,BARBUNYA
12478,DERMASON
1853,SEKER
899,SEKER
10478,DERMASON
6417,HOROZ
10414,DERMASON
12576,DERMASON
10844,DERMASON
6028,HOROZ
176,SEKER
8973,SIRA
2466,BARBUNYA
6607,HOROZ
8759,SIRA
12074,DERMASON
6231,HOROZ
8220,SIRA
266,SEKER
7970,SIRA
3678,BOMBAY
689,SEKER
9074,SIRA
5143,CALI
135,SEKER
6938,HOROZ
12071,DERMASON
5850,HOROZ
10443,DERMASON
11516,DERMASON
13376,SEKER
10306,DERMASON
1150,SEKER
951,SEKER
4854,CALI
12407,DERMASON
9897,SIRA
12856,DERMASON
284,SEKER
7043,HOROZ
3445,BOMBAY
1620,SEKER
13474,SIRA
6457,HOROZ
6919,HOROZ
2397,BARBUNYA
5447,CALI
3618,BOMBAY
10624,DERMASON
1035,SIRA
12023,DERMASON
10385,DERMASON
10865,DERMASON
10837,DERMASON
11038,DERMASON
3814,BOMBAY
858,SEKER
4338,CALI
4644,CALI
1772,SEKER
3071,BARBUNYA
11241,DERMASON
9828,SIRA
9083,SIRA
10265,DERMASON
12533,DERMASON
7135,HOROZ
11210,DERMASON
11512,DERMASON
6981,HOROZ
3708,BOMBAY
10973,DERMASON
9106,SIRA
9613,SIRA
7772,DERMASON
12088,DERMASON
1287,SEKER
9865,HOROZ
3013,BARBUNYA
3627,BOMBAY
143,SEKER
9043,HOROZ
3931,BARBUNYA
9928,SIRA
8385,SIRA
8754,SIRA
7946,SIRA
5557,HOROZ
7597,DERMASON
11334,DERMASON
12753,DERMASON
11316,DERMASON
7002,HOROZ
94,SEKER
2559,BARBUNYA
28,SEKER
6188,HOROZ
9558,SIRA
10902,DERMASON
8241,SIRA
10491,DERMASON
1846,SEKER
8720,SIRA
4443,CALI
6334,HOROZ
10470,DERMASON
2665,BARBUNYA
10638,DERMASON
10404,DERMASON
3431,BOMBAY
9537,SIRA
9826,SIRA
12594,DERMASON
3104,CALI
7167,HOROZ
13610,SIRA
3981,CALI
9473,SIRA
894,SEKER
11230,DERMASON
2403,BARBUNYA
11091,DERMASON
9607,SIRA
7969,SIRA
6267,HOROZ
7880,SIRA
9704,SIRA
11472,DERMASON
1732,SEKER
6233,HOROZ
247,SEKER
7031,HOROZ
9429,SIRA
11470,DERMASON
997,SEKER
9983,SIRA
5455,CALI
11998,DERMASON
5968,HOROZ
13453,SIRA
4901,CALI
8110,SIRA
13194,DERMASON
5613,HOROZ
12521,DERMASON
8691,SIRA
1978,SEKER
9985,SIRA
5938,HOROZ
686,SEKER
4139,BARBUNYA
12717,DERMASON
539,SEKER
9248,SIRA
13275,DERMASON
7555,SIRA
7474,SIRA
3070,BARBUNYA
4565,CALI
5883,HOROZ
13574,SIRA
5462,CALI
5409,CALI
6962,HOROZ
5205,CALI
9774,SIRA
616,SEKER
4175,CALI
8652,SIRA
5886,HOROZ
975,SEKER
9447,SIRA
9843,SIRA
3061,BARBUNYA
5578,HOROZ
10484,DERMASON
4370,CALI
7024,HOROZ
7073,HOROZ
12427,DERMASON
11756,DERMASON
1142,SEKER
1756,SEKER
8307,SIRA
4763,CALI
514,SEKER
8944,SIRA
8333,SIRA
3085,BARBUNYA
7869,SIRA
13329,DERMASON
10747,DERMASON
5321,CALI
2879,BARBUNYA
2668,CALI
11837,DERMASON
4274,CALI
3784,BOMBAY
7512,DERMASON
5414,CALI
721,SEKER
6485,HOROZ
10646,DERMASON
9127,SIRA
9479,SIRA
4563,CALI
8475,SIRA
219,SEKER
803,DERMASON
11668,DERMASON
8822,SIRA
11049,DERMASON
12569,DERMASON
5997,HOROZ
8225,SIRA
12572,DERMASON
1455,SEKER
13024,SIRA
13009,DERMASON
1640,SEKER
442,DERMASON
6148,HOROZ
1600,SEKER
5617,HOROZ
11385,DERMASON
4768,CALI
10636,DERMASON
11608,DERMASON
13504,SIRA
